{
	"credit": "Created by Stridey",
	"parent": "block/block",
	"textures": {
		"0": "block/pale_oak_leaves_bush2",
		"1": "block/pale_oak_leaves",
		"3": "block/pale_oak_leaves_bush1_dark",
		"4": "block/pale_oak_leaves_side1",
		"5": "block/pale_oak_leaves_side2",
		"6": "block/pale_oak_leaves_bush4",
		"particle": "block/pale_oak_leaves"
	},
	"elements": [
		{
			"from": [0, 0, 0],
			"to": [16, 16, 16],
			"faces": {
				"north": {"uv": [0, 0, 16, 16], "texture": "#1", "cullface": "north", "tintindex": 0},
				"east": {"uv": [0, 0, 16, 16], "texture": "#1", "cullface": "east", "tintindex": 0},
				"south": {"uv": [0, 0, 16, 16], "texture": "#1", "cullface": "south", "tintindex": 0},
				"west": {"uv": [0, 0, 16, 16], "texture": "#1", "cullface": "west", "tintindex": 0},
				"up": {"uv": [0, 0, 16, 16], "texture": "#1", "cullface": "up", "tintindex": 0},
				"down": {"uv": [0, 0, 16, 16], "texture": "#1", "cullface": "down", "tintindex": 0}
			}
		},
		{
			"from": [0, -8, 8],
			"to": [16, 0, 8],
			"shade": false,
			"rotation": {"angle": -22.5, "axis": "y", "origin": [8, 8, 8], "rescale": true},
			"faces": {
				"north": {"uv": [0, 0, 16, 8], "texture": "#3", "cullface": "down", "tintindex": 0},
				"south": {"uv": [0, 0, 16, 8], "texture": "#3", "cullface": "down", "tintindex": 0}
			}
		},
		{
			"from": [0, 8, -8],
			"to": [16, 8, 0],
			"shade": false,
			"rotation": {"angle": -22.5, "axis": "z", "origin": [8, 8, 8], "rescale": true},
			"faces": {
				"up": {"uv": [0, 0, 8, 16], "rotation": 270, "texture": "#4", "cullface": "north", "tintindex": 0},
				"down": {"uv": [8, 0, 16, 16], "rotation": 270, "texture": "#5", "cullface": "north", "tintindex": 0}
			}
		},
		{
			"from": [16, 8, 0],
			"to": [24, 8, 16],
			"shade": false,
			"rotation": {"angle": 22.5, "axis": "x", "origin": [8, 8, 8], "rescale": true},
			"faces": {
				"up": {"uv": [0, 0, 8, 16], "texture": "#4", "cullface": "east", "tintindex": 0},
				"down": {"uv": [8, 0, 16, 16], "rotation": 180, "texture": "#5", "cullface": "east", "tintindex": 0}
			}
		},
		{
			"from": [0, 16, 8],
			"to": [16, 24, 8],
			"shade": false,
			"rotation": {"angle": -22.5, "axis": "y", "origin": [8, 8, 8], "rescale": true},
			"faces": {
				"north": {"uv": [0, 0, 16, 8], "rotation": 180, "texture": "#0", "cullface": "up", "tintindex": 0},
				"south": {"uv": [0, 0, 16, 8], "rotation": 180, "texture": "#0", "cullface": "up", "tintindex": 0}
			}
		},
		{
			"from": [0, 8, 16],
			"to": [16, 8, 24],
			"shade": false,
			"rotation": {"angle": -22.5, "axis": "z", "origin": [8, 8, 8], "rescale": true},
			"faces": {
				"up": {"uv": [8, 0, 16, 16], "rotation": 270, "texture": "#5", "cullface": "south", "tintindex": 0},
				"down": {"uv": [0, 0, 8, 16], "rotation": 270, "texture": "#4", "cullface": "south", "tintindex": 0}
			}
		},
		{
			"from": [-8, 8, 0],
			"to": [0, 8, 16],
			"shade": false,
			"rotation": {"angle": 22.5, "axis": "x", "origin": [8, 8, 8], "rescale": true},
			"faces": {
				"up": {"uv": [8, 0, 16, 16], "texture": "#5", "cullface": "north", "tintindex": 0},
				"down": {"uv": [0, 0, 8, 16], "rotation": 180, "texture": "#4", "cullface": "north", "tintindex": 0}
			}
		},
		{
			"from": [8, -11, 0],
			"to": [8, 0, 16],
			"shade": false,
			"rotation": {"angle": -22.5, "axis": "y", "origin": [8, 8, 8], "rescale": true},
			"faces": {
				"east": {"uv": [0, 0, 16, 11], "texture": "#6", "cullface": "down", "tintindex": 0},
				"west": {"uv": [0, 0, 16, 11], "texture": "#6", "cullface": "down", "tintindex": 0}
			}
		},
		{
			"from": [8, 0, -8],
			"to": [8, 16, 0],
			"shade": false,
			"rotation": {"angle": -22.5, "axis": "z", "origin": [8, 8, 8], "rescale": true},
			"faces": {
				"east": {"uv": [0, 0, 8, 16], "texture": "#4", "cullface": "north", "tintindex": 0},
				"west": {"uv": [8, 0, 16, 16], "texture": "#5", "cullface": "north", "tintindex": 0}
			}
		},
		{
			"from": [16, 0, 8],
			"to": [24, 16, 8],
			"shade": false,
			"rotation": {"angle": 22.5, "axis": "x", "origin": [8, 8, 8], "rescale": true},
			"faces": {
				"north": {"uv": [8, 0, 16, 16], "texture": "#5", "cullface": "east", "tintindex": 0},
				"south": {"uv": [0, 0, 8, 16], "texture": "#4", "cullface": "east", "tintindex": 0}
			}
		},
		{
			"from": [8, 16, 0],
			"to": [8, 24, 16],
			"shade": false,
			"rotation": {"angle": -22.5, "axis": "y", "origin": [8, 8, 8], "rescale": true},
			"faces": {
				"east": {"uv": [0, 0, 16, 8], "rotation": 180, "texture": "#0", "cullface": "up", "tintindex": 0},
				"west": {"uv": [0, 0, 16, 8], "rotation": 180, "texture": "#0", "cullface": "up", "tintindex": 0}
			}
		},
		{
			"from": [8, 0, 16],
			"to": [8, 16, 24],
			"shade": false,
			"rotation": {"angle": -22.5, "axis": "z", "origin": [8, 8, 8], "rescale": true},
			"faces": {
				"east": {"uv": [8, 0, 16, 16], "texture": "#5", "cullface": "south", "tintindex": 0},
				"west": {"uv": [0, 0, 8, 16], "texture": "#4", "cullface": "south", "tintindex": 0}
			}
		},
		{
			"from": [-8, 0, 8],
			"to": [0, 16, 8],
			"shade": false,
			"rotation": {"angle": 22.5, "axis": "x", "origin": [8, 8, 8], "rescale": true},
			"faces": {
				"north": {"uv": [0, 0, 8, 16], "texture": "#4", "cullface": "north", "tintindex": 0},
				"south": {"uv": [8, 0, 16, 16], "texture": "#5", "cullface": "north", "tintindex": 0}
			}
		}
	]
}